DATE,AAPL_1_MONTH_RETURN
2014-06-30,0.02742149491375523
2014-07-31,0.028842014636245805
2014-09-30,-0.01716738197424883
2014-10-31,0.07185391028185761
2014-12-31,-0.07164480322906153
2015-03-31,-0.031444582814445954
2015-04-30,0.005785920925747368
2015-06-30,-0.03715075222597475
2015-07-31,-0.03284438775510179
2015-08-31,-0.0705572040883613
2015-09-30,-0.021638879035119296
2015-11-30,-0.010040160642570517
2015-12-31,-0.11020960108181199
2016-02-29,-0.0069843878389480585
2016-03-31,0.12743069921390116
2016-05-31,0.06527303754266178
2016-06-30,-0.0428514217060475
2016-08-31,0.018426103646832948
2016-09-30,0.06520919713531903
2016-10-31,0.00460014154281696
2016-11-30,-0.026769989432898655
2017-01-31,0.047651933701657656
2017-02-28,0.1288727752142389
2017-03-31,0.048759124087590866
2017-05-31,0.06349206349206327
2017-06-30,-0.05708300602251848
2017-07-31,0.032490974729241895
2017-08-31,0.10274341043571833
2017-10-31,0.09680768232546022
2017-11-30,0.016564126833885418
2018-01-31,-0.010635783502717433
2018-02-28,0.0637840420449114
2018-04-30,-0.01501787842669855
2018-05-31,0.1306873184898354
2018-07-31,0.027873811581675678
2018-08-31,0.19634223249947413
2018-10-31,-0.03047484053862548
2018-11-30,-0.184027777777778
2018-12-31,-0.11668533034714479
2019-01-31,0.05502028397565972
2019-02-28,0.04037490987743331
2019-04-30,0.056432933249105366
2019-05-31,-0.1275662746661348
2019-07-31,0.07639450282942573
2019-09-30,0.07281088331097973
2019-10-31,0.11073405965350935
2019-12-31,0.09878760664571162
2020-01-31,0.054079825636834
2020-03-31,-0.0697980684811238
2020-04-30,0.15541922290388532
2020-06-30,0.1473141275632157
2020-07-31,0.16513157894736863
2020-08-31,0.21437982307547498
2020-09-30,-0.1025263484190948
2020-11-30,0.09360646702186215
2020-12-31,0.11457370852582938
2021-03-31,0.007339600857661388
2021-04-30,0.0762177650429805
2021-06-30,0.09910922076879847
2021-08-31,0.04092965857671649
2021-09-30,-0.06803661990384047
2021-11-30,0.10347129506008046
2021-12-31,0.0742286751361163
2022-01-31,-0.01571211353269153
2022-02-28,-0.05526948163405432
2022-03-31,0.05747335271317833
2022-05-31,-0.05588328575959389
2022-06-30,-0.08142972319269037
2022-08-31,-0.03255184296350999
2022-09-30,-0.12097697493957549
2022-10-31,0.1095513748191026
2022-11-30,-0.03462892917699212
2023-01-31,0.11052104979604382
2023-02-28,0.021623120105343396
2023-03-31,0.11864866698324428
2023-05-31,0.04461338991041908
2023-06-30,0.09433004231311704
2023-07-31,0.012785482291075345
2023-08-31,-0.043675235428862424
2023-10-31,-0.0025699433444316133
2023-11-30,0.11231480939275063
2024-01-31,-0.04222718537370784
2024-02-29,-0.019793926247288485
2024-04-30,-0.006706321436901863
